Texto_Relevancia,Texto_Impacto,Texto_Rigor_Etica_Profesional,Texto_Coyuntura,Texto_Penetracion,Fotografia_Impacto,Fotografia_Variedad_Fotos,Fotografia_Composicion,Fotografia_Comunica,Fotografia_Puesta_En_Pagina_Fotos,PeriodicosID,Fecha,Ventas,Calificacion_avg,envio_total,cobrable,devuelto,vendido
7,7,8,9,6,9,8,8,7,7,1,27/10/22,"Q249,204.00",7.6,92586,90074,7006,83068
9,8,8,10,9,9,7,7,8,9,1,27/10/22,"Q249,204.00",8.4,92586,90074,7006,83068
7,6,5,6,7,9,10,9,9,9,1,27/10/22,"Q249,204.00",7.7,92586,90074,7006,83068
5,4,4,5,9,10,10,9,10,10,1,27/10/22,"Q249,204.00",7.6,92586,90074,7006,83068
8,8,7,8,9,9,6,7,6,7,1,27/10/22,"Q249,204.00",7.5,92586,90074,7006,83068
8,7,8,8,8,7,8,8,7,8,1,27/10/22,"Q249,204.00",7.7,92586,90074,7006,83068
5,5,5,4,3,4,3,5,5,3,1,27/10/22,"Q249,204.00",4.2,92586,90074,7006,83068
7,6,10,8,8,9,8,10,10,9,1,27/10/22,"Q249,204.00",8.5,92586,90074,7006,83068
5,7,10,7,8,10,10,10,10,10,1,27/10/22,"Q249,204.00",8.7,92586,90074,7006,83068
7,8,9,8,7,8,7,8,7.6,7.6,1,27/10/22,"Q249,204.00",7.72,92586,90074,7006,83068
8,8,8,9,8,8,7,7,7,8,1,27/10/22,"Q249,204.00",7.8,92586,90074,7006,83068
10,10,10,10,10,10,10,10,10,10,1,27/10/22,"Q249,204.00",10,92586,90074,7006,83068
10,10,10,10,10,10,10,10,10,10,1,27/10/22,"Q249,204.00",10,92586,90074,7006,83068
9,9,9,9,9,9,7,7,8,9,1,27/10/22,"Q249,204.00",8.5,92586,90074,7006,83068
10,10,10,10,10,10,10,10,10,10,1,27/10/22,"Q249,204.00",10,92586,90074,7006,83068
10,10,10,9,10,8,10,10,10,9,1,27/10/22,"Q249,204.00",9.6,92586,90074,7006,83068
9,9,6,7,7,9,9,8,8,9,1,27/10/22,"Q249,204.00",8.1,92586,90074,7006,83068
8,9,9,9,9,9,9,9,9,8,1,27/10/22,"Q249,204.00",8.8,92586,90074,7006,83068
10,10,10,10,10,9,10,10,10,10,1,27/10/22,"Q249,204.00",9.9,92586,90074,7006,83068
10,10,10,9,10,10,10,10,9,9,1,27/10/22,"Q249,204.00",9.7,92586,90074,7006,83068
7,7,6,7,7,8,6,7,8,7,1,27/10/22,"Q249,204.00",7,92586,90074,7006,83068
9,8,9,9,9,9,9,9,10,10,1,27/10/22,"Q249,204.00",9.1,92586,90074,7006,83068
8,10,8,10,8,10,10,10,10,9,1,27/10/22,"Q249,204.00",9.3,92586,90074,7006,83068
5,2,6,7,3,7,9,3,2,5,2,26/10/23,"Q182,529.00",4.9,74418,72112,11269,60843
9,3,10,8,6,5,7,6,4,2,2,26/10/23,"Q182,529.00",6,74418,72112,11269,60843
4,6,7,8,10,10,10,8,10,10,2,26/10/23,"Q182,529.00",8.3,74418,72112,11269,60843
5,7,5,8,9,10,5,9,10,8,2,26/10/23,"Q182,529.00",7.6,74418,72112,11269,60843
8,9,9,6,8,9,8,8,9,8,2,26/10/23,"Q182,529.00",8.2,74418,72112,11269,60843
9,9,8,8,9,8,9,8,7,8,2,26/10/23,"Q182,529.00",8.3,74418,72112,11269,60843
10,9,9,10,8,9,10,8,9,10,2,26/10/23,"Q182,529.00",9.2,74418,72112,11269,60843
10,10,9,10,10,10,10,10,10,9,2,26/10/23,"Q182,529.00",9.8,74418,72112,11269,60843
9,9,8,9,9,8,7,9,9,10,2,26/10/23,"Q182,529.00",8.7,74418,72112,11269,60843
9,8,8,7,9,8,7,6,8,8,2,26/10/23,"Q182,529.00",7.8,74418,72112,11269,60843
8,7,8,7,6,7,8,8,8,7,2,26/10/23,"Q182,529.00",7.4,74418,72112,11269,60843
9,10,10,9,9,10,9,10,10,10,2,26/10/23,"Q182,529.00",9.6,74418,72112,11269,60843
10,10,10,10,9,10,10,10,9,10,2,26/10/23,"Q182,529.00",9.8,74418,72112,11269,60843
10,10,10,10,10,10,10,10,10,10,2,26/10/23,"Q182,529.00",10,74418,72112,11269,60843
9,9,9,9,9,9,7,7,7,6,2,26/10/23,"Q182,529.00",8.1,74418,72112,11269,60843
10,10,10,10,10,10,10,10,10,10,2,26/10/23,"Q182,529.00",10,74418,72112,11269,60843
8,10,10,10,10,10,9,10,9,10,2,26/10/23,"Q182,529.00",9.6,74418,72112,11269,60843
6,6,6,6,6,7,7,7,7,7,2,26/10/23,"Q182,529.00",6.5,74418,72112,11269,60843
9,9,9,9,9,9,8,8,9,8,2,26/10/23,"Q182,529.00",8.7,74418,72112,11269,60843
10,10,10,10,10,9,10,9,9,10,2,26/10/23,"Q182,529.00",9.7,74418,72112,11269,60843
9,9,10,9,9,10,10,10,10,10,2,26/10/23,"Q182,529.00",9.6,74418,72112,11269,60843
6,8,7,8,7,7,6,6,6,7,2,26/10/23,"Q182,529.00",6.8,74418,72112,11269,60843
9,9,9,10,9,10,10,9,10,10,2,26/10/23,"Q182,529.00",9.5,74418,72112,11269,60843
10,9,10,10,10,10,10,10,10,10,2,26/10/23,"Q182,529.00",9.9,74418,72112,11269,60843
10,9,9,9,9,9,9,9,9,9,3,25/01/23,"Q233,568.00",9.1,93632,88937,11081,77856
9,9,9,9,9,9,9,9,9,10,3,25/01/23,"Q233,568.00",9.1,93632,88937,11081,77856
9,8,7,8,9,10,10,8,9,8,3,25/01/23,"Q233,568.00",8.6,93632,88937,11081,77856
8,9,9,8,9,10,10,10,10,10,3,25/01/23,"Q233,568.00",9.3,93632,88937,11081,77856
6,6,8,9,8,8,8,8,8,7,3,25/01/23,"Q233,568.00",7.6,93632,88937,11081,77856
7.6,8,7,6,7,9,8,7,8,8,3,25/01/23,"Q233,568.00",7.56,93632,88937,11081,77856
9,9,9,9,9,9,9,9,9,9,3,25/01/23,"Q233,568.00",9,93632,88937,11081,77856
9,10,9,10,8,9,10,10,10,10,3,25/01/23,"Q233,568.00",9.5,93632,88937,11081,77856
9,8,9,9,7,8,9,8,9,8,3,25/01/23,"Q233,568.00",8.4,93632,88937,11081,77856
10,9,9,8,9,8,7,9,9,10,3,25/01/23,"Q233,568.00",8.8,93632,88937,11081,77856
9,9,9,9,9,8,8,9,8,8,3,25/01/23,"Q233,568.00",8.6,93632,88937,11081,77856
10,10,9,10,10,10,10,9,10,9,3,25/01/23,"Q233,568.00",9.7,93632,88937,11081,77856
9,7,9,7,8,9,7,8,9,8,3,25/01/23,"Q233,568.00",8.1,93632,88937,11081,77856
9,10,9,9,10,10,10,10,9,9,3,25/01/23,"Q233,568.00",9.5,93632,88937,11081,77856
10,9,9,9,7,9,9,9,9,9,3,25/01/23,"Q233,568.00",8.9,93632,88937,11081,77856
4,2,1,2,5,5,5,4,2,4,3,25/01/23,"Q233,568.00",3.4,93632,88937,11081,77856
10,10,10,10,10,10,10,10,10,10,3,25/01/23,"Q233,568.00",10,93632,88937,11081,77856
8,6,8,8,7,7,10,9,10,10,3,25/01/23,"Q233,568.00",8.3,93632,88937,11081,77856
6,5,4,9,6,7,6,9,8,6,3,25/01/23,"Q233,568.00",6.6,93632,88937,11081,77856
10,10,10,9,9,9,10,10,9,10,3,25/01/23,"Q233,568.00",9.6,93632,88937,11081,77856
10,10,10,10,10,10,10,10,10,10,3,25/01/23,"Q233,568.00",10,93632,88937,11081,77856
9,8,8,9,8,8,7,7,7,7,3,25/01/23,"Q233,568.00",7.8,93632,88937,11081,77856
10,10,10,10,10,10,10,10,10,10,3,25/01/23,"Q233,568.00",10,93632,88937,11081,77856
10,10,10,10,10,10,10,10,10,10,3,25/01/23,"Q233,568.00",10,93632,88937,11081,77856
7,7,7,7,7,7,7,7,7,7,3,25/01/23,"Q233,568.00",7,93632,88937,11081,77856
10,10,10,10,10,10,10,10,10,10,3,25/01/23,"Q233,568.00",10,93632,88937,11081,77856
10,10,10,10,10,10,10,10,10,10,3,25/01/23,"Q233,568.00",10,93632,88937,11081,77856
10,10,10,10,10,10,10,10,10,10,3,25/01/23,"Q233,568.00",10,93632,88937,11081,77856
8,8,7,8,8,7,8,8,7,8,3,25/01/23,"Q233,568.00",7.7,93632,88937,11081,77856
10,9,10,10,9,10,10,9,10,10,3,25/01/23,"Q233,568.00",9.7,93632,88937,11081,77856
10,10,10,10,10,10,10,10,10,10,3,25/01/23,"Q233,568.00",10,93632,88937,11081,77856
9,9,9,9,9,9,9,9,9,10,4,23/05/23,"Q205,062.00",9.1,77707,75406,7052,68354
10,10,9,10,9,10,9,8,8,8,4,23/05/23,"Q205,062.00",9.1,77707,75406,7052,68354
7.2,10,8,9,7,5,3,2,1,4,4,23/05/23,"Q205,062.00",5.62,77707,75406,7052,68354
8.6,7,7,7,7,8,8,9,9,9,4,23/05/23,"Q205,062.00",7.96,77707,75406,7052,68354
9,8,7,6,8,8,9,8,8,8,4,23/05/23,"Q205,062.00",7.9,77707,75406,7052,68354
9,9,8,8,9,9,9,8,8,9,4,23/05/23,"Q205,062.00",8.6,77707,75406,7052,68354
8,10,9,8,10,10,9,10,10,10,4,23/05/23,"Q205,062.00",9.4,77707,75406,7052,68354
7,7,8,8,7,8,8,7,8,7,4,23/05/23,"Q205,062.00",7.5,77707,75406,7052,68354
7,7,7,7,6,6,6,7,8,8,4,23/05/23,"Q205,062.00",6.9,77707,75406,7052,68354
9,10,9,10,8,9,7,7,9,7,4,23/05/23,"Q205,062.00",8.5,77707,75406,7052,68354
9,9,8,10,8,10,9,9,9,9,4,23/05/23,"Q205,062.00",9,77707,75406,7052,68354
10,10,10,10,9,10,10,10,10,10,4,23/05/23,"Q205,062.00",9.9,77707,75406,7052,68354
10,10,10,9,10,9,9,9,10,10,4,23/05/23,"Q205,062.00",9.6,77707,75406,7052,68354
8,8,7,8,8,7,7,7,7,7,4,23/05/23,"Q205,062.00",7.4,77707,75406,7052,68354
10,10,10,10,10,10,10,10,10,10,4,23/05/23,"Q205,062.00",10,77707,75406,7052,68354
10,10,10,10,10,9,10,9,10,9,4,23/05/23,"Q205,062.00",9.7,77707,75406,7052,68354
7,6,6,6,6,7,6,6,6,6,4,23/05/23,"Q205,062.00",6.2,77707,75406,7052,68354
7,8,8,7,7,7,7,7,7,7,4,23/05/23,"Q205,062.00",7.2,77707,75406,7052,68354
10,10,10,10,10,10,10,10,10,10,4,23/05/23,"Q205,062.00",10,77707,75406,7052,68354
10,9,10,9,10,10,10,10,10,10,4,23/05/23,"Q205,062.00",9.8,77707,75406,7052,68354
7,8,7,6,7,7,8,8,8,8,4,23/05/23,"Q205,062.00",7.4,77707,75406,7052,68354
9,9,10,10,9,9,9,9,10,10,4,23/05/23,"Q205,062.00",9.4,77707,75406,7052,68354
10,10,10,10,9,9,9,9,8,8,4,23/05/23,"Q205,062.00",9.2,77707,75406,7052,68354
10,9,8,7,7,9,8,9,9,9,5,21/04/22,"Q255,507.00",8.5,98795,95848,10679,85169
7,9,7,9,9,9,9,9,9,9,5,21/04/22,"Q255,507.00",8.6,98795,95848,10679,85169
8,9,9,9,9,7,8,8,7,10,5,21/04/22,"Q255,507.00",8.4,98795,95848,10679,85169
10,10,10,10,10,10,10,10,10,10,5,21/04/22,"Q255,507.00",10,98795,95848,10679,85169
6,7,8,8,10,10,10,9,10,10,5,21/04/22,"Q255,507.00",8.8,98795,95848,10679,85169
8,9,10,9,10,9,9,9,9,9,5,21/04/22,"Q255,507.00",9.1,98795,95848,10679,85169
7.8,8,7,8,7,8,8,8,8,8,5,21/04/22,"Q255,507.00",7.78,98795,95848,10679,85169
9,8,8,8,9,9,9,8,8,8,5,21/04/22,"Q255,507.00",8.4,98795,95848,10679,85169
10,9,9,8,8,10,10,10,10,9,5,21/04/22,"Q255,507.00",9.3,98795,95848,10679,85169
4,4,5,5,6,4,8,6,8,8,5,21/04/22,"Q255,507.00",5.8,98795,95848,10679,85169
8,7,8,9,8,9,9,8,9,7,5,21/04/22,"Q255,507.00",8.2,98795,95848,10679,85169
7,8,5,2,5,7,8,9,5,2,5,21/04/22,"Q255,507.00",5.8,98795,95848,10679,85169
7,7,6,7,6,6,7,7,6,7,5,21/04/22,"Q255,507.00",6.6,98795,95848,10679,85169
6,7,8,7,9,10,10,9,8,9,5,21/04/22,"Q255,507.00",8.3,98795,95848,10679,85169
9,8,7,7,8,7,8,10,8,9,5,21/04/22,"Q255,507.00",8.1,98795,95848,10679,85169
7,6,5,6,7,10,9,10,9,7,5,21/04/22,"Q255,507.00",7.6,98795,95848,10679,85169
10,10,9,9,9,9,10,10,10,9,5,21/04/22,"Q255,507.00",9.5,98795,95848,10679,85169
10,10,10,10,9,10,10,10,10,10,5,21/04/22,"Q255,507.00",9.9,98795,95848,10679,85169
10,10,10,10,10,10,10,10,10,10,5,21/04/22,"Q255,507.00",10,98795,95848,10679,85169
8,8,8,8,7,7,7,7,7,7,5,21/04/22,"Q255,507.00",7.4,98795,95848,10679,85169
10,10,10,10,10,10,10,10,10,10,5,21/04/22,"Q255,507.00",10,98795,95848,10679,85169
10,10,10,10,9,10,9,10,9,10,5,21/04/22,"Q255,507.00",9.7,98795,95848,10679,85169
9,9,8,9,9,8,7,7,8,8,5,21/04/22,"Q255,507.00",8.2,98795,95848,10679,85169
9,9,9,9,9,8,8,8,8,8,5,21/04/22,"Q255,507.00",8.5,98795,95848,10679,85169
10,10,9,10,10,10,10,10,10,10,5,21/04/22,"Q255,507.00",9.9,98795,95848,10679,85169
9,9,10,10,10,10,10,10,10,10,5,21/04/22,"Q255,507.00",9.8,98795,95848,10679,85169
9,9,8,8,8,9,8,9,8,8,5,21/04/22,"Q255,507.00",8.4,98795,95848,10679,85169
9,9,9,9,9,8,9,8,9,9,5,21/04/22,"Q255,507.00",8.8,98795,95848,10679,85169
8,8,8,8,8,8,8,8,8,8,5,21/04/22,"Q255,507.00",8,98795,95848,10679,85169
8,9,6,10,9,8,5,6,8,9,6,18/04/23,"Q210,783.00",7.8,79365,77132,6871,70261
9,9,8,8,7,5,9,9,8,8,6,18/04/23,"Q210,783.00",8,79365,77132,6871,70261
7,7,7,8,8,8,7,7,7,7,6,18/04/23,"Q210,783.00",7.3,79365,77132,6871,70261
8.4,8,8,7,6,8,8,7,9,8,6,18/04/23,"Q210,783.00",7.74,79365,77132,6871,70261
8,9,9,9,7,6,9,8,7,8,6,18/04/23,"Q210,783.00",8,79365,77132,6871,70261
10,10,9,9,10,10,9,9,9,10,6,18/04/23,"Q210,783.00",9.5,79365,77132,6871,70261
7,8,7,8,8,8,7,8,7,8,6,18/04/23,"Q210,783.00",7.6,79365,77132,6871,70261
10,10,10,10,10,10,10,10,10,10,6,18/04/23,"Q210,783.00",10,79365,77132,6871,70261
5,4,3,5,5,4,4,3,5,5,6,18/04/23,"Q210,783.00",4.3,79365,77132,6871,70261
10,9,10,10,9,8,10,8,8,10,6,18/04/23,"Q210,783.00",9.2,79365,77132,6871,70261
5,4,5,6,9,7,8,5,4,9,6,18/04/23,"Q210,783.00",6.2,79365,77132,6871,70261
8,9,8,8,7,8,7,8,8,8,6,18/04/23,"Q210,783.00",7.9,79365,77132,6871,70261
9,10,9,10,10,9,8,10,9,9,6,18/04/23,"Q210,783.00",9.3,79365,77132,6871,70261
10,10,10,10,9,10,10,10,10,10,6,18/04/23,"Q210,783.00",9.9,79365,77132,6871,70261
10,10,10,10,10,10,10,10,10,10,6,18/04/23,"Q210,783.00",10,79365,77132,6871,70261
9,8,8,9,8,8,7,7,6,6,6,18/04/23,"Q210,783.00",7.6,79365,77132,6871,70261
10,10,10,10,10,10,10,10,10,10,6,18/04/23,"Q210,783.00",10,79365,77132,6871,70261
10,10,10,10,9,10,10,10,9,10,6,18/04/23,"Q210,783.00",9.8,79365,77132,6871,70261
8.2,9,8,9,9,7,6,7,6,7,6,18/04/23,"Q210,783.00",7.62,79365,77132,6871,70261
9,9,9,9,9,8,8,8,8,8,6,18/04/23,"Q210,783.00",8.5,79365,77132,6871,70261
10,10,10,10,10,10,10,10,10,10,6,18/04/23,"Q210,783.00",10,79365,77132,6871,70261
10,10,10,10,10,10,10,10,10,10,6,18/04/23,"Q210,783.00",10,79365,77132,6871,70261
8,7,8,7,7,8,7,7,8,8,6,18/04/23,"Q210,783.00",7.5,79365,77132,6871,70261
9,9,9,9,9,10,10,9,10,10,6,18/04/23,"Q210,783.00",9.4,79365,77132,6871,70261
9,10,10,9,9,9,8,8,8,8,6,18/04/23,"Q210,783.00",8.8,79365,77132,6871,70261
8,7,7,7,6,6,6,7,7,7,7,17/10/23,"Q180,492.00",6.8,71485,69371,9207,60164
7.4,7,7,7,7,7,7,8,8,8,7,17/10/23,"Q180,492.00",7.34,71485,69371,9207,60164
8,7,8,7,7,8,6,8,6,6,7,17/10/23,"Q180,492.00",7.1,71485,69371,9207,60164
9,9,8,9,10,9,9,8,8,10,7,17/10/23,"Q180,492.00",8.9,71485,69371,9207,60164
7,8,7,8,7,6,9,8,8,8,7,17/10/23,"Q180,492.00",7.6,71485,69371,9207,60164
9,8,10,9,9,10,10,8,9,9,7,17/10/23,"Q180,492.00",9.1,71485,69371,9207,60164
10,9,10,10,9,10,10,9,9,10,7,17/10/23,"Q180,492.00",9.6,71485,69371,9207,60164
8.6,9,8,8,8,10,10,8,9,9,7,17/10/23,"Q180,492.00",8.76,71485,69371,9207,60164
8,6,8,8,7,7,10,9,10,10,7,17/10/23,"Q180,492.00",8.3,71485,69371,9207,60164
8,8,8,8,7,9,8,8,8,8,7,17/10/23,"Q180,492.00",8,71485,69371,9207,60164
10,10,10,10,10,10,10,10,10,10,7,17/10/23,"Q180,492.00",10,71485,69371,9207,60164
10,10,10,10,10,10,10,10,10,10,7,17/10/23,"Q180,492.00",10,71485,69371,9207,60164
9,9,8,9,8,9,8,8,8,8,7,17/10/23,"Q180,492.00",8.4,71485,69371,9207,60164
10,10,10,10,10,10,10,10,10,10,7,17/10/23,"Q180,492.00",10,71485,69371,9207,60164
10,9,10,10,10,9,10,10,10,10,7,17/10/23,"Q180,492.00",9.8,71485,69371,9207,60164
7.6,7,7,7,7,7,7,7,7,7,7,17/10/23,"Q180,492.00",7.06,71485,69371,9207,60164
9,9,8,9,9,9,8,8,8,8,7,17/10/23,"Q180,492.00",8.5,71485,69371,9207,60164
10,10,10,10,10,10,10,10,10,10,7,17/10/23,"Q180,492.00",10,71485,69371,9207,60164
9,10,10,10,10,10,10,10,10,10,7,17/10/23,"Q180,492.00",9.9,71485,69371,9207,60164
8,9,8,7,8,8,7,8,7,9,7,17/10/23,"Q180,492.00",7.9,71485,69371,9207,60164
9,9,9,10,9,9,9,9,9,9,7,17/10/23,"Q180,492.00",9.1,71485,69371,9207,60164
10,10,9,9,9,9,9,9,9,9,7,17/10/23,"Q180,492.00",9.2,71485,69371,9207,60164
7,7,7,6,7,7,7,7,7,7,8,15/04/24,"Q194,736.00",6.9,74304,71772,6860,64912
8,8,9,9,8,9,9,9,9,9,8,15/04/24,"Q194,736.00",8.7,74304,71772,6860,64912
8,8,8,8,8,6,7,6,7,8,8,15/04/24,"Q194,736.00",7.4,74304,71772,6860,64912
9,9,9,8,9,9,9,9,9,9,8,15/04/24,"Q194,736.00",8.9,74304,71772,6860,64912
8,9,9,8,8,5,8,8,9,8,8,15/04/24,"Q194,736.00",8,74304,71772,6860,64912
9,8,10,7,9,9,8,9,10,10,8,15/04/24,"Q194,736.00",8.9,74304,71772,6860,64912
9,8,8,8,9,8,9,8,8,9,8,15/04/24,"Q194,736.00",8.4,74304,71772,6860,64912
9,10,8,7,8,9,8,7,8,8,8,15/04/24,"Q194,736.00",8.2,74304,71772,6860,64912
8,7,9,6,5,7,8,7,9,7,8,15/04/24,"Q194,736.00",7.3,74304,71772,6860,64912
9,8,8,9,9,9,9,8,9,9,8,15/04/24,"Q194,736.00",8.7,74304,71772,6860,64912
8,8,10,8,9,10,10,8,10,8,8,15/04/24,"Q194,736.00",8.9,74304,71772,6860,64912
10,9,10,9,9,10,10,10,10,10,8,15/04/24,"Q194,736.00",9.7,74304,71772,6860,64912
7,8,7,8,7,8,8,8,8,8,8,15/04/24,"Q194,736.00",7.7,74304,71772,6860,64912
10,10,10,10,10,10,10,10,10,10,8,15/04/24,"Q194,736.00",10,74304,71772,6860,64912
10,10,10,10,10,10,10,10,10,10,8,15/04/24,"Q194,736.00",10,74304,71772,6860,64912
7,7,7,6,6,6,6,6,6,7,8,15/04/24,"Q194,736.00",6.4,74304,71772,6860,64912
10,10,10,10,10,10,10,10,10,10,8,15/04/24,"Q194,736.00",10,74304,71772,6860,64912
10,10,9,10,10,10,9,10,10,10,8,15/04/24,"Q194,736.00",9.8,74304,71772,6860,64912
7.4,7,7,7,7,7,7,7,7,7,8,15/04/24,"Q194,736.00",7.04,74304,71772,6860,64912
8,8,8,8,8,9,8,8,8,8,8,15/04/24,"Q194,736.00",8.1,74304,71772,6860,64912
10,10,10,10,10,10,10,10,10,10,8,15/04/24,"Q194,736.00",10,74304,71772,6860,64912
10,10,10,10,10,10,10,10,10,10,8,15/04/24,"Q194,736.00",10,74304,71772,6860,64912
8,9,8,8,9,8,7,7,7,7,8,15/04/24,"Q194,736.00",7.8,74304,71772,6860,64912
10,9,9,10,9,9,9,9,10,10,8,15/04/24,"Q194,736.00",9.4,74304,71772,6860,64912
8,8,8,8,8,8,8,8,8,8,8,15/04/24,"Q194,736.00",8,74304,71772,6860,64912
7.4,7,4,6,7,9,5,7,8,7,9,14/02/24,"Q158,850.00",6.74,65225,63051,10101,52950
9,9,7,8,7,10,9,8,9,7,9,14/02/24,"Q158,850.00",8.3,65225,63051,10101,52950
10,10,8,7,8,8,7,8,7,8,9,14/02/24,"Q158,850.00",8.1,65225,63051,10101,52950
7,8,8,7,9,9,7,8,7,8,9,14/02/24,"Q158,850.00",7.8,65225,63051,10101,52950
8,9,8,8,8,10,10,9,9,9,9,14/02/24,"Q158,850.00",8.8,65225,63051,10101,52950
10,10,10,9,10,9,9,10,8,9,9,14/02/24,"Q158,850.00",9.4,65225,63051,10101,52950
10,9,10,8,9,8,10,9,8,8,9,14/02/24,"Q158,850.00",8.9,65225,63051,10101,52950
10,5,9,6,7,8,8,8,9,10,9,14/02/24,"Q158,850.00",8,65225,63051,10101,52950
10,10,10,10,10,10,10,10,10,10,9,14/02/24,"Q158,850.00",10,65225,63051,10101,52950
8,8,9,9,9,9,9,9,9,8,9,14/02/24,"Q158,850.00",8.7,65225,63051,10101,52950
6,6,7,8,8,7,7,7,8,8,9,14/02/24,"Q158,850.00",7.2,65225,63051,10101,52950
10,8,10,9,7,7,10,10,10,10,9,14/02/24,"Q158,850.00",9.1,65225,63051,10101,52950
7,7,8,8,7,8,8,7,8,7,9,14/02/24,"Q158,850.00",7.5,65225,63051,10101,52950
5,8,4,7,8,5,7,7,7,6,9,14/02/24,"Q158,850.00",6.4,65225,63051,10101,52950
8,9,9,8,9,8,9,9,9,9,9,14/02/24,"Q158,850.00",8.7,65225,63051,10101,52950
8,6,8,8,7,7,10,9,10,10,9,14/02/24,"Q158,850.00",8.3,65225,63051,10101,52950
8,8,8,8,8,8,8,8,8,8,9,14/02/24,"Q158,850.00",8,65225,63051,10101,52950
10,9,10,10,9,9,10,10,10,10,9,14/02/24,"Q158,850.00",9.7,65225,63051,10101,52950
10,10,10,10,10,10,10,10,10,10,9,14/02/24,"Q158,850.00",10,65225,63051,10101,52950
9,8,8,8,8,8,8,8,8,8,9,14/02/24,"Q158,850.00",8.1,65225,63051,10101,52950
10,10,10,10,10,10,10,10,10,10,9,14/02/24,"Q158,850.00",10,65225,63051,10101,52950
10,10,10,9,8,10,10,10,10,10,9,14/02/24,"Q158,850.00",9.7,65225,63051,10101,52950
8,7,7,6,6,7,7,7,7,7,9,14/02/24,"Q158,850.00",6.9,65225,63051,10101,52950
8,8,9,9,8,9,9,9,9,9,9,14/02/24,"Q158,850.00",8.7,65225,63051,10101,52950
10,10,10,10,10,9,10,10,10,10,9,14/02/24,"Q158,850.00",9.9,65225,63051,10101,52950
10,10,10,10,10,10,10,10,10,10,9,14/02/24,"Q158,850.00",10,65225,63051,10101,52950
8,7,7,8,7,8,7,6,6,7,9,14/02/24,"Q158,850.00",7.1,65225,63051,10101,52950
10,10,10,10,9,9,9,9,10,10,9,14/02/24,"Q158,850.00",9.6,65225,63051,10101,52950
10,10,10,10,10,10,10,10,10,10,9,14/02/24,"Q158,850.00",10,65225,63051,10101,52950
10,10,10,8,10,10,9,10,10,10,10,13/03/24,"Q187,530.00",9.7,82963,80534,18024,62510
9,10,7,5,4,6,8,10,9,3,10,13/03/24,"Q187,530.00",7.1,82963,80534,18024,62510
8,7,7,8,9,9,6,7,7,5,10,13/03/24,"Q187,530.00",7.3,82963,80534,18024,62510
9,9,9,10,10,9,8,8,9,9,10,13/03/24,"Q187,530.00",9,82963,80534,18024,62510
6,6,7,6,6,6,7,8,8,8,10,13/03/24,"Q187,530.00",6.8,82963,80534,18024,62510
9,8,7,8,8,9,9,9,10,9,10,13/03/24,"Q187,530.00",8.6,82963,80534,18024,62510
9,10,9,9,8,9,9,8,10,9,10,13/03/24,"Q187,530.00",9,82963,80534,18024,62510
10,10,10,10,10,10,10,10,10,10,10,13/03/24,"Q187,530.00",10,82963,80534,18024,62510
10,9,10,10,9,10,10,10,10,10,10,13/03/24,"Q187,530.00",9.8,82963,80534,18024,62510
8,8,8,8,8,7,7,7,7,8,10,13/03/24,"Q187,530.00",7.6,82963,80534,18024,62510
10,10,10,10,10,10,10,10,10,10,10,13/03/24,"Q187,530.00",10,82963,80534,18024,62510
10,10,10,9,9,10,10,10,10,8,10,13/03/24,"Q187,530.00",9.6,82963,80534,18024,62510
8,9,7,7,7,8,8,8,8,8,10,13/03/24,"Q187,530.00",7.8,82963,80534,18024,62510
7,8,7,7,8,8,8,8,8,8,10,13/03/24,"Q187,530.00",7.7,82963,80534,18024,62510
10,10,10,10,10,9,9,10,10,10,10,13/03/24,"Q187,530.00",9.8,82963,80534,18024,62510
10,10,10,10,9,9,10,10,10,10,10,13/03/24,"Q187,530.00",9.8,82963,80534,18024,62510
8,7,8,7,7,7,6,7,6,7,10,13/03/24,"Q187,530.00",7,82963,80534,18024,62510
9,9,9,9,9,9,10,9,10,9,10,13/03/24,"Q187,530.00",9.2,82963,80534,18024,62510
8,8,8,8,8,8,8,8,8,8,10,13/03/24,"Q187,530.00",8,82963,80534,18024,62510
7,6,6,6,5,5,7,7,6,6,11,12/6/23,"Q220,542.00",6.1,83618,81245,7731,73514
10,10,8,8,9,10,10,10,10,10,11,12/6/23,"Q220,542.00",9.5,83618,81245,7731,73514
6,5,6,8,8,10,9,9,10,10,11,12/6/23,"Q220,542.00",8.1,83618,81245,7731,73514
7.8,8,8,7,8,8,8,8,8,8,11,12/6/23,"Q220,542.00",7.88,83618,81245,7731,73514
8,8,9,9,8,4,6,8,8,8,11,12/6/23,"Q220,542.00",7.6,83618,81245,7731,73514
9,6,8,8,7,5,6,8,8,8,11,12/6/23,"Q220,542.00",7.3,83618,81245,7731,73514
8,8,9,8,9,9,9,8,7,8,11,12/6/23,"Q220,542.00",8.3,83618,81245,7731,73514
7,7,8,8,7,8,8,7,8,7,11,12/6/23,"Q220,542.00",7.5,83618,81245,7731,73514
9,9,10,10,9,10,10,9,10,10,11,12/6/23,"Q220,542.00",9.6,83618,81245,7731,73514
10,10,10,10,10,10,10,10,10,10,11,12/6/23,"Q220,542.00",10,83618,81245,7731,73514
10,10,10,10,10,10,10,10,10,10,11,12/6/23,"Q220,542.00",10,83618,81245,7731,73514
8,8,8,7,8,8,8,8,8,8,11,12/6/23,"Q220,542.00",7.9,83618,81245,7731,73514
10,10,10,10,10,10,10,10,10,10,11,12/6/23,"Q220,542.00",10,83618,81245,7731,73514
9,10,10,8,9,9,9,10,10,11,11,12/6/23,"Q220,542.00",9.5,83618,81245,7731,73514
9,9,7,9,9,8,8,8,8,8,11,12/6/23,"Q220,542.00",8.3,83618,81245,7731,73514
8,8,7,8,8,9,8,8,8,8,11,12/6/23,"Q220,542.00",8,83618,81245,7731,73514
10,10,10,10,10,10,10,10,10,10,11,12/6/23,"Q220,542.00",10,83618,81245,7731,73514
10,10,10,10,10,10,10,10,10,10,11,12/6/23,"Q220,542.00",10,83618,81245,7731,73514
8,7,7,8,8,7,6,6,7,7,11,12/6/23,"Q220,542.00",7.1,83618,81245,7731,73514
9,9,9,10,9,9,10,9,9,9,11,12/6/23,"Q220,542.00",9.2,83618,81245,7731,73514
9,9,9,9,9,9,9,9,9,9,11,12/6/23,"Q220,542.00",9,83618,81245,7731,73514
10,9,9,9,9,9,9,9,9,9,12,12/4/24,"Q186,954.00",9.1,77845,74020,11702,62318
7.4,6,8,8,8,10,9,7,10,8,12,12/4/24,"Q186,954.00",8.14,77845,74020,11702,62318
10,10,10,10,10,10,10,10,10,10,12,12/4/24,"Q186,954.00",10,77845,74020,11702,62318
9,7,5,8,2,6,4,3,1,10,12,12/4/24,"Q186,954.00",5.5,77845,74020,11702,62318
8,8,6,7,8,9,9,7,7,7,12,12/4/24,"Q186,954.00",7.6,77845,74020,11702,62318
10,9,7,9,8,8,10,10,9,8,12,12/4/24,"Q186,954.00",8.8,77845,74020,11702,62318
8,7,9,8,8,7,8,8,8,8,12,12/4/24,"Q186,954.00",7.9,77845,74020,11702,62318
6,7,9,7,8,8,8,7,8,8,12,12/4/24,"Q186,954.00",7.6,77845,74020,11702,62318
8,7,8,8,9,9,8,7,9,8,12,12/4/24,"Q186,954.00",8.1,77845,74020,11702,62318
10,9,10,10,9,9,10,10,10,10,12,12/4/24,"Q186,954.00",9.7,77845,74020,11702,62318
10,9,10,10,10,10,10,10,10,10,12,12/4/24,"Q186,954.00",9.9,77845,74020,11702,62318
9,9,9,9,9,9,8,8,8,8,12,12/4/24,"Q186,954.00",8.6,77845,74020,11702,62318
10,10,10,10,10,10,10,10,10,10,12,12/4/24,"Q186,954.00",10,77845,74020,11702,62318
10,10,10,10,10,10,9,9,10,10,12,12/4/24,"Q186,954.00",9.8,77845,74020,11702,62318
8,8,8,8,8,8,8,8,8,8,12,12/4/24,"Q186,954.00",8,77845,74020,11702,62318
9,9,9,9,9,9,9,9,9,9,12,12/4/24,"Q186,954.00",9,77845,74020,11702,62318
10,10,10,10,9,10,10,10,10,10,12,12/4/24,"Q186,954.00",9.9,77845,74020,11702,62318
9,9,10,10,10,10,10,10,10,10,12,12/4/24,"Q186,954.00",9.8,77845,74020,11702,62318
8,8,7,8,8,8,7,7,8,7,12,12/4/24,"Q186,954.00",7.6,77845,74020,11702,62318
9,9,9,9,8,9,8,8,9,9,12,12/4/24,"Q186,954.00",8.7,77845,74020,11702,62318
10,10,10,10,10,10,10,10,10,10,12,12/4/24,"Q186,954.00",10,77845,74020,11702,62318
7,9,8,10,8,6,9,8,10,5,13,11/12/23,"Q28,656.00",8,10669,10320,819,9552
9,7,8,6,7,8,9,7,8,8,13,11/12/23,"Q28,656.00",7.7,10669,10320,819,9552
10,8,9,8,10,10,10,10,10,10,13,11/12/23,"Q28,656.00",9.5,10669,10320,819,9552
8,7,8,7,8,6,8,8,7,8,13,11/12/23,"Q28,656.00",7.5,10669,10320,819,9552
7,7,7,7,7,7,7,7,7,7,13,11/12/23,"Q28,656.00",7,10669,10320,819,9552
10,10,10,10,10,9,10,10,10,10,13,11/12/23,"Q28,656.00",9.9,10669,10320,819,9552
10,10,10,9,10,10,10,10,10,10,13,11/12/23,"Q28,656.00",9.9,10669,10320,819,9552
9,9,8,9,9,9,8,8,8,8,13,11/12/23,"Q28,656.00",8.5,10669,10320,819,9552
10,10,10,10,10,10,10,10,10,10,13,11/12/23,"Q28,656.00",10,10669,10320,819,9552
10,10,10,10,10,10,10,10,9,10,13,11/12/23,"Q28,656.00",9.9,10669,10320,819,9552
6,6,6,6,6,6,6,6,6,6,13,11/12/23,"Q28,656.00",6,10669,10320,819,9552
7,8,7,7,8,8,7,7,7,7,13,11/12/23,"Q28,656.00",7.3,10669,10320,819,9552
10,10,10,10,10,10,10,10,10,10,13,11/12/23,"Q28,656.00",10,10669,10320,819,9552
10,10,10,10,10,10,10,10,10,10,13,11/12/23,"Q28,656.00",10,10669,10320,819,9552
7,8,7,7,6,7,6,6,7,6,13,11/12/23,"Q28,656.00",6.7,10669,10320,819,9552
8,9,9,9,8,8,8,8,8,8,13,11/12/23,"Q28,656.00",8.3,10669,10320,819,9552
9,9,9,9,9,9,9,9,9,9,13,11/12/23,"Q28,656.00",9,10669,10320,819,9552
7,9,5,8,6,7,5,8,8,6,14,9/11/23,"Q186,933.00",6.9,73809,71425,9114,62311
8,10,8,8,10,10,10,10,10,10,14,9/11/23,"Q186,933.00",9.4,73809,71425,9114,62311
7,7,9,6,9,6,7,7,8,8,14,9/11/23,"Q186,933.00",7.4,73809,71425,9114,62311
10,10,10,10,10,10,10,10,10,10,14,9/11/23,"Q186,933.00",10,73809,71425,9114,62311
9,9,8,8,9,9,8,7,9,8,14,9/11/23,"Q186,933.00",8.4,73809,71425,9114,62311
10,10,8,9,8,9,10,10,9,10,14,9/11/23,"Q186,933.00",9.3,73809,71425,9114,62311
8,10,6,7,8,6,5,6,6,6,14,9/11/23,"Q186,933.00",6.8,73809,71425,9114,62311
10,10,9,9,8,9,8,7,8,9,14,9/11/23,"Q186,933.00",8.7,73809,71425,9114,62311
8,8,7,8,8,10,10,10,10,10,14,9/11/23,"Q186,933.00",8.9,73809,71425,9114,62311
10,10,10,10,10,10,10,10,10,10,14,9/11/23,"Q186,933.00",10,73809,71425,9114,62311
10,10,10,10,10,10,10,10,10,10,14,9/11/23,"Q186,933.00",10,73809,71425,9114,62311
8,9,8,9,8,8,8,8,7,7.8,14,9/11/23,"Q186,933.00",8.08,73809,71425,9114,62311
10,10,10,10,10,10,10,10,10,10,14,9/11/23,"Q186,933.00",10,73809,71425,9114,62311
10,10,9,10,10,9,10,10,9,10,14,9/11/23,"Q186,933.00",9.7,73809,71425,9114,62311
6,6,6,7,6,7,7,7,7,7,14,9/11/23,"Q186,933.00",6.6,73809,71425,9114,62311
8,9,8,9,9,8,8,8,8,8,14,9/11/23,"Q186,933.00",8.3,73809,71425,9114,62311
10,10,10,10,10,10,10,10,10,10,14,9/11/23,"Q186,933.00",10,73809,71425,9114,62311
10,10,10,10,10,10,10,10,10,10,14,9/11/23,"Q186,933.00",10,73809,71425,9114,62311
7,7,6,7,6,8,6,6,7,7,14,9/11/23,"Q186,933.00",6.7,73809,71425,9114,62311
9,9,9,9,8,9,9,9,10,10,14,9/11/23,"Q186,933.00",9.1,73809,71425,9114,62311
10,10,10,10,10,10,10,10,10,10,14,9/11/23,"Q186,933.00",10,73809,71425,9114,62311
8,7,8,7,6,8,9,7,6,7,15,3/9/22,"Q248,259.00",7.3,92624,90556,7803,82753
9,8,9,7,6,8,9,7,9,6,15,3/9/22,"Q248,259.00",7.8,92624,90556,7803,82753
6,6,7,7,7,7,7,7,7,8,15,3/9/22,"Q248,259.00",6.9,92624,90556,7803,82753
10,10,9,9,9,8,8,9,9,9,15,3/9/22,"Q248,259.00",9,92624,90556,7803,82753
9,8,7,8,9,7,8,8,8,8,15,3/9/22,"Q248,259.00",8,92624,90556,7803,82753
6,8,5,8,9,8,7,9,9,8,15,3/9/22,"Q248,259.00",7.7,92624,90556,7803,82753
10,8,7,6,8,9,10,10,10,10,15,3/9/22,"Q248,259.00",8.8,92624,90556,7803,82753
10,9,9,9,10,10,10,9,8,10,15,3/9/22,"Q248,259.00",9.4,92624,90556,7803,82753
9,9,9,9,9,9,9,9,9,9,15,3/9/22,"Q248,259.00",9,92624,90556,7803,82753
6,7,8,8,7,7,8,7,7,7,15,3/9/22,"Q248,259.00",7.2,92624,90556,7803,82753
8,8,8,8,8,8,8,8,8,8,15,3/9/22,"Q248,259.00",8,92624,90556,7803,82753
10,10,8,9,10,10,9,10,10,10,15,3/9/22,"Q248,259.00",9.6,92624,90556,7803,82753
9,9,8,9,8,7,8,7,8,9,15,3/9/22,"Q248,259.00",8.2,92624,90556,7803,82753
10,9,10,9,9,10,10,10,9,10,15,3/9/22,"Q248,259.00",9.6,92624,90556,7803,82753
10,9,9,8,8,8,9,10,10,10,15,3/9/22,"Q248,259.00",9.1,92624,90556,7803,82753
7,7,10,9,8,8,7,8,9,9,15,3/9/22,"Q248,259.00",8.2,92624,90556,7803,82753
10,10,10,10,9,10,10,9,9,10,15,3/9/22,"Q248,259.00",9.7,92624,90556,7803,82753
9,8,8,9,9,8,10,8,8,10,15,3/9/22,"Q248,259.00",8.7,92624,90556,7803,82753
10,10,9,9,9,9,9,9,9,9,15,3/9/22,"Q248,259.00",9.2,92624,90556,7803,82753
10,10,10,10,10,10,10,10,10,10,15,3/9/22,"Q248,259.00",10,92624,90556,7803,82753
10,10,10,10,10,10,10,10,10,10,15,3/9/22,"Q248,259.00",10,92624,90556,7803,82753
9,9,8,9,9,8,8,8,8,7,15,3/9/22,"Q248,259.00",8.3,92624,90556,7803,82753
10,10,10,10,10,10,10,10,10,10,15,3/9/22,"Q248,259.00",10,92624,90556,7803,82753
10,10,9,10,10,9,9,10,10,10,15,3/9/22,"Q248,259.00",9.7,92624,90556,7803,82753
9,9,9,9,9,9,9,9,9,9,15,3/9/22,"Q248,259.00",9,92624,90556,7803,82753
9,9,8,9,9,9,8,8,9,8,15,3/9/22,"Q248,259.00",8.6,92624,90556,7803,82753
10,10,10,10,10,8,10,10,9,10,15,3/9/22,"Q248,259.00",9.7,92624,90556,7803,82753
10,10,10,10,10,10,10,10,10,10,15,3/9/22,"Q248,259.00",10,92624,90556,7803,82753
7,6,7,6,7,7,7,7,7,8,15,3/9/22,"Q248,259.00",6.9,92624,90556,7803,82753
8,8,9,8,8,8,8,8,8,8,15,3/9/22,"Q248,259.00",8.1,92624,90556,7803,82753
10,10,10,10,10,10,10,10,10,10,15,3/9/22,"Q248,259.00",10,92624,90556,7803,82753
9,9,9,9,10,8,10,10,10,10,16,2/10/22,"Q253,968.00",9.4,92641,90722,6066,84656
8.4,8,8,8,8,8,9,8,8,9,16,2/10/22,"Q253,968.00",8.24,92641,90722,6066,84656
8,7,10,7,8,10,10,10,10,10,16,2/10/22,"Q253,968.00",9,92641,90722,6066,84656
7,6,6,7,8,9,8,7,8,9,16,2/10/22,"Q253,968.00",7.5,92641,90722,6066,84656
9,9,9,8,8,9,9,9,9,9,16,2/10/22,"Q253,968.00",8.8,92641,90722,6066,84656
8,8,8,8,7,7,10,9,10,10,16,2/10/22,"Q253,968.00",8.5,92641,90722,6066,84656
7,7,5,8,9,9,9,9,10,8,16,2/10/22,"Q253,968.00",8.1,92641,90722,6066,84656
9,9,9,9,9,9,9,9,9,10,17,5/7/24,"Q170,460.00",9.1,66389,63896,7076,56820
10,10,9,9,10,9,10,10,10,10,17,5/7/24,"Q170,460.00",9.7,66389,63896,7076,56820
8,9,7,8,9,7,8,9,7,8,17,5/7/24,"Q170,460.00",8,66389,63896,7076,56820
7,8,8,7,7,8,7,8,8,9,17,5/7/24,"Q170,460.00",7.7,66389,63896,7076,56820
10,10,9,8,9,9,8,9,10,9,17,5/7/24,"Q170,460.00",9.1,66389,63896,7076,56820
9,9,8,7,9,8,9,7,7,9,17,5/7/24,"Q170,460.00",8.2,66389,63896,7076,56820
8,7,8,7,7.5,7,9,8,9,9,17,5/7/24,"Q170,460.00",7.95,66389,63896,7076,56820
7,8,6,7,6,8,8,8,8,9,17,5/7/24,"Q170,460.00",7.5,66389,63896,7076,56820
10,10,9,9,9,10,8,8,10,9,17,5/7/24,"Q170,460.00",9.2,66389,63896,7076,56820
7,6,6,8,9,9,8,7,7,8,17,5/7/24,"Q170,460.00",7.5,66389,63896,7076,56820
9,9,8,8,8,8,7,7,8,9,17,5/7/24,"Q170,460.00",8.1,66389,63896,7076,56820
10,10,9,9,10,9,10,10,10,10,17,5/7/24,"Q170,460.00",9.7,66389,63896,7076,56820
8,8,8,8,10,10,10,9,10,10,18,7/1/23,"Q233,907.00",9.1,88391,86243,8274,77969
6,8,5,8,8,9,5,8,9,8,18,7/1/23,"Q233,907.00",7.4,88391,86243,8274,77969
9,9,8,9,9,9,8,9,8,9,18,7/1/23,"Q233,907.00",8.7,88391,86243,8274,77969
8,7,8,9,8,7,9,8,7,9,18,7/1/23,"Q233,907.00",8,88391,86243,8274,77969
9,10,10,9,8,8,10,10,10,10,18,7/1/23,"Q233,907.00",9.4,88391,86243,8274,77969
10,9,8,8,7,7,6,8,8,7,18,7/1/23,"Q233,907.00",7.8,88391,86243,8274,77969
6,7,7,7,7,8,10,10,9,10,18,7/1/23,"Q233,907.00",8.1,88391,86243,8274,77969
8,10,8,9,9,8,8,8,8,8,18,7/1/23,"Q233,907.00",8.4,88391,86243,8274,77969
10,10,9,9,10,10,9,9,10,9,18,7/1/23,"Q233,907.00",9.5,88391,86243,8274,77969
9,7,8,7,8,7,8,7,8,9,19,7/2/22,"Q285,156.00",7.8,104976,102597,7545,95052
10,10,8,8,10,10,10,10,10,10,19,7/2/22,"Q285,156.00",9.6,104976,102597,7545,95052
7,8,10,9,8,8,9,8,9,9,19,7/2/22,"Q285,156.00",8.5,104976,102597,7545,95052
6,7,7,7,10,10,10,8,10,10,19,7/2/22,"Q285,156.00",8.5,104976,102597,7545,95052
8,7,8,7,8,8,7,8,8,7,19,7/2/22,"Q285,156.00",7.6,104976,102597,7545,95052
8,9,8,9,9,8,8,8,9,9,19,7/2/22,"Q285,156.00",8.5,104976,102597,7545,95052
8,8,8,8,6,7,6,6,7,6,19,7/2/22,"Q285,156.00",7,104976,102597,7545,95052
9,10,9,10,8,10,9,8,10,7,19,7/2/22,"Q285,156.00",9,104976,102597,7545,95052
8,9,9,9,9,9,9,9,9,9,19,7/2/22,"Q285,156.00",8.9,104976,102597,7545,95052
9,9,9,9,9,9,9,9,9,9,20,7/4/22,"Q266,409.00",9,97714,95311,6508,88803
8.8,9,9,9,9,10,10,10,10,10,20,7/4/22,"Q266,409.00",9.48,97714,95311,6508,88803
8,10,8,10,10,10,10,8,10,10,20,7/4/22,"Q266,409.00",9.4,97714,95311,6508,88803
8,8,8,7,7,8,6,8,9,8,20,7/4/22,"Q266,409.00",7.7,97714,95311,6508,88803
8,6,8,6,7,8,6,8,9,9,20,7/4/22,"Q266,409.00",7.5,97714,95311,6508,88803
10,9,10,10,8,7,10,10,10,10,20,7/4/22,"Q266,409.00",9.4,97714,95311,6508,88803
8.2,8,10,10,9,9,9,9,9,9,20,7/4/22,"Q266,409.00",9.02,97714,95311,6508,88803
6,7,8,9,6,6,7,5,6,8,21,8/1/23,"Q228,891.00",6.8,88635,86565,10268,76297
8,7,9,8,8,8,8,8,8,8,21,8/1/23,"Q228,891.00",8,88635,86565,10268,76297
8,8,7,9,7,8,9,9,8,7,21,8/1/23,"Q228,891.00",8,88635,86565,10268,76297
9,9,9,9,7,10,10,9,10,9,21,8/1/23,"Q228,891.00",9.1,88635,86565,10268,76297
10,10,9,9.5,8,9,8,9,9,8,21,8/1/23,"Q228,891.00",8.95,88635,86565,10268,76297
6,5,8,7,8,8,8,8,7,9,21,8/1/23,"Q228,891.00",7.4,88635,86565,10268,76297
8,8,8,8,8,8,8,8,8,8,21,8/1/23,"Q228,891.00",8,88635,86565,10268,76297
7,8,8,7,10,10,10,6,8,7,21,8/1/23,"Q228,891.00",8.1,88635,86565,10268,76297
7,8,8,8,7,7,8,9,8,7,21,8/1/23,"Q228,891.00",7.7,88635,86565,10268,76297
7,6,9,9,8,8,7,8,8,7,21,8/1/23,"Q228,891.00",7.7,88635,86565,10268,76297
8,8,8,9,9,9,9,9,10,8,21,8/1/23,"Q228,891.00",8.7,88635,86565,10268,76297
9,8,8,10,7,6,8,6,7,8,21,8/1/23,"Q228,891.00",7.7,88635,86565,10268,76297
9,8,9,7,7,9,8,8,7,9,21,8/1/23,"Q228,891.00",8.1,88635,86565,10268,76297
9,9,9,10,10,8,7,9,8,9,22,8/9/24,"Q170,235.00",8.8,78133,76089,19344,56745
8,9,8,7,8,8,10,9,9,10,22,8/9/24,"Q170,235.00",8.6,78133,76089,19344,56745
5,5,4,4,6,6,6,7,8,8,22,8/9/24,"Q170,235.00",5.9,78133,76089,19344,56745
9,8,8,9,9,9,9,9,9,9,22,8/9/24,"Q170,235.00",8.8,78133,76089,19344,56745
9.6,10,9,9,9,9,9,9,9,10,22,8/9/24,"Q170,235.00",9.26,78133,76089,19344,56745
0,10,0,7,8,10,0,0,10,0,22,8/9/24,"Q170,235.00",4.5,78133,76089,19344,56745
7,8,7,8,6,6,6,8,6,7,22,8/9/24,"Q170,235.00",6.9,78133,76089,19344,56745
8,9,8,9,7,8,8,9,8,9,22,8/9/24,"Q170,235.00",8.3,78133,76089,19344,56745
10,9,9,9,9,7,10,9,10,10,22,8/9/24,"Q170,235.00",9.2,78133,76089,19344,56745
10,9,8,9,8,9,10,9,9,10,23,10/6/23,"Q204,546.00",9.1,77463,75527,7345,68182
10,7,9,9,10,10,10,10,10,10,23,10/6/23,"Q204,546.00",9.5,77463,75527,7345,68182
10,10,10,9,9,10,10,8,9,10,23,10/6/23,"Q204,546.00",9.5,77463,75527,7345,68182
7,9,6,7,8,8,8,6,5,5,23,10/6/23,"Q204,546.00",6.9,77463,75527,7345,68182
9,9,9,7,10,7,9,9,9,10,23,10/6/23,"Q204,546.00",8.8,77463,75527,7345,68182
8,7,8,8,8,9,8,9,9,9,23,10/6/23,"Q204,546.00",8.3,77463,75527,7345,68182
7,7.6,9,9,7,6,8,8,8,5,23,10/6/23,"Q204,546.00",7.46,77463,75527,7345,68182
3,2,5,3,1,2,2,5,1,3,23,10/6/23,"Q204,546.00",2.7,77463,75527,7345,68182
8,8,6,8,8,10,10,10,9,10,23,10/6/23,"Q204,546.00",8.7,77463,75527,7345,68182
7,9,7,8,9,6,8,9,7,6,24,11/2/24,"Q199,932.00",7.6,75570,73565,6921,66644
6,7,7,7,8,7,7,6,6,7,24,11/2/24,"Q199,932.00",6.8,75570,73565,6921,66644
8,7,8,8,8,8,9,9,9,9,24,11/2/24,"Q199,932.00",8.3,75570,73565,6921,66644
6,6,8,7,8,6,7,7,5,7,24,11/2/24,"Q199,932.00",6.7,75570,73565,6921,66644
8,7,8,8,8,8,7,7,8,8,24,11/2/24,"Q199,932.00",7.7,75570,73565,6921,66644
8,8,7,8,8,6,6,7,6,5,24,11/2/24,"Q199,932.00",6.9,75570,73565,6921,66644
7,7,7,8,8,7,7,7,7,7,24,11/2/24,"Q199,932.00",7.2,75570,73565,6921,66644
8,9,8,7,7,7,7,7,8,8,24,11/2/24,"Q199,932.00",7.6,75570,73565,6921,66644
10,10,8,9,9,10,10,10,10,10,24,11/2/24,"Q199,932.00",9.6,75570,73565,6921,66644
8.4,8,8,8,7,8,10,9,8,8,24,11/2/24,"Q199,932.00",8.24,75570,73565,6921,66644
8,8,9,8,7,6,9,8,9,8,24,11/2/24,"Q199,932.00",8,75570,73565,6921,66644
6,7,7,8,6,6,7,8,7,6,25,12/5/23,"Q209,013.00",6.8,79092,75112,5441,69671
7,8,8,7,7,6,6,8,6,8,25,12/5/23,"Q209,013.00",7.1,79092,75112,5441,69671
8,9,8,8,8,9,8,8,9,8,25,12/5/23,"Q209,013.00",8.3,79092,75112,5441,69671
9.4,9,10,10,8,9,9,9,9,9,25,12/5/23,"Q209,013.00",9.14,79092,75112,5441,69671
10,10,9,9,9,9,10,10,10,9,25,12/5/23,"Q209,013.00",9.5,79092,75112,5441,69671
6,8,8,10,8,10,10,9,10,10,26,12/8/24,"Q194,583.00",8.9,72373,69861,5000,64861
9,10,10,9,8,8,9,8,9,10,26,12/8/24,"Q194,583.00",9,72373,69861,5000,64861
6,4,4,5,6,6,7,8,8,8,26,12/8/24,"Q194,583.00",6.2,72373,69861,5000,64861
7,5,8,7,8,7,7,7,6,5,26,12/8/24,"Q194,583.00",6.7,72373,69861,5000,64861
8,7,7,8,7,8,10,6,8,8,26,12/8/24,"Q194,583.00",7.7,72373,69861,5000,64861
9,10,10,10,10,10,10,10,10,9,26,12/8/24,"Q194,583.00",9.8,72373,69861,5000,64861
10,10,10,9,9,9.5,10,9,9,9,26,12/8/24,"Q194,583.00",9.45,72373,69861,5000,64861
6,6,6,8,8,6,8,7,6,6,26,12/8/24,"Q194,583.00",6.7,72373,69861,5000,64861
7,7,8,8,9,8,8,9,8,9,26,12/8/24,"Q194,583.00",8.1,72373,69861,5000,64861
10,10,10,10,10,10,10,10,10,10,26,12/8/24,"Q194,583.00",10,72373,69861,5000,64861
8,7,10,7,8,10,10,10,10,10,26,12/8/24,"Q194,583.00",9,72373,69861,5000,64861
6,6,7,9,6,5,10,10,7,9,26,12/8/24,"Q194,583.00",7.5,72373,69861,5000,64861
8,8,8,8,7,7,8,8,8,8,27,12/12/24,"Q158,205.00",7.8,66871,64426,11691,52735
8,8,10,10,9,9,9,9,8,8,27,12/12/24,"Q158,205.00",8.8,66871,64426,11691,52735
10,10,10,9,10,10,9,9,9,9,27,12/12/24,"Q158,205.00",9.5,66871,64426,11691,52735
9,10,8,8,9,10,8,8,8,8,27,12/12/24,"Q158,205.00",8.6,66871,64426,11691,52735
10,10,8,10,10,10,10,9,9,8,27,12/12/24,"Q158,205.00",9.4,66871,64426,11691,52735
10,10,10,10,10,10,10,10,10,10,27,12/12/24,"Q158,205.00",10,66871,64426,11691,52735
10,10,10,9,9,9,8,9,9,9,27,12/12/24,"Q158,205.00",9.2,66871,64426,11691,52735
10,10,9,9,10,9,9,10,10,10,28,13/02/24,"Q159,102.00",9.6,67896,64134,11100,53034
8,8,7,9,10,8,10,8,9,8,28,13/02/24,"Q159,102.00",8.5,67896,64134,11100,53034
9,9,9,8,9,9,9,9,9,9,28,13/02/24,"Q159,102.00",8.9,67896,64134,11100,53034
9,8,6,7,8,9,9,7,7,7,28,13/02/24,"Q159,102.00",7.7,67896,64134,11100,53034
9,10,10,9,8,10,9,8,9,10,28,13/02/24,"Q159,102.00",9.2,67896,64134,11100,53034
8.4,8,10,10,8,8,8,8,8,8,28,13/02/24,"Q159,102.00",8.44,67896,64134,11100,53034
7,8,7,8,9,4,6,7,7,9,28,13/02/24,"Q159,102.00",7.2,67896,64134,11100,53034
8,8,9,8,8,8,9,9,8,9,29,13/09/24,"Q167,769.00",8.4,79694,75945,20022,55923
6,7,5,5,6,9,9,8,8,7,29,13/09/24,"Q167,769.00",7,79694,75945,20022,55923
8,8,10,7,8,10,10,10,10,10,29,13/09/24,"Q167,769.00",9.1,79694,75945,20022,55923
9,9,8,8,6,6,7,6,6,8,29,13/09/24,"Q167,769.00",7.3,79694,75945,20022,55923
8,9,9,9,9,9,9,9,9,9,29,13/09/24,"Q167,769.00",8.9,79694,75945,20022,55923
10,10,9,9,9,10,10,9,10,9,29,13/09/24,"Q167,769.00",9.5,79694,75945,20022,55923
9,8,9,9,8,9,9,9,9,9,30,14/09/24,"Q159,066.00",8.8,75770,73702,20680,53022
9,8,9,10,8,8,8,7,9,8,30,14/09/24,"Q159,066.00",8.4,75770,73702,20680,53022
9,10,9,8,8,10,10,8,10,10,30,14/09/24,"Q159,066.00",9.2,75770,73702,20680,53022
6,6,9,9,7,8,8,7,9,8,30,14/09/24,"Q159,066.00",7.7,75770,73702,20680,53022
9,9,9,10,8,9,8,7,8,8,30,14/09/24,"Q159,066.00",8.5,75770,73702,20680,53022
3,2,8,5,8,7,7,7,7,8,30,14/09/24,"Q159,066.00",6.2,75770,73702,20680,53022
7,7,8,8,8,8,8,7,7,8,30,14/09/24,"Q159,066.00",7.6,75770,73702,20680,53022
9,9,8,8,9,10,10,9,9,8,30,14/09/24,"Q159,066.00",8.9,75770,73702,20680,53022
6,7,7,8,8,6,9,7,8,9,30,14/09/24,"Q159,066.00",7.5,75770,73702,20680,53022
7.2,8,8,8,8,8,8,8,8,8,30,14/09/24,"Q159,066.00",7.92,75770,73702,20680,53022
7,7,6,7,6,8,7,8,7,8,30,14/09/24,"Q159,066.00",7.1,75770,73702,20680,53022
8,8,7,8,8,9,10,9,8,8,31,15/03/23,"Q208,347.00",8.3,81181,78735,9286,69449
9,9,8,9,8,9,9,9,9,9,31,15/03/23,"Q208,347.00",8.8,81181,78735,9286,69449
8,8,8,8,9,8,8,8,8,8,31,15/03/23,"Q208,347.00",8.1,81181,78735,9286,69449
9,9,10,9,9,8,8,9,9,10,31,15/03/23,"Q208,347.00",9,81181,78735,9286,69449
5,8,8,8,8,8,9,9,9,8,31,15/03/23,"Q208,347.00",8,81181,78735,9286,69449
6,7,7,6,6,8,7,6,8,6,31,15/03/23,"Q208,347.00",6.7,81181,78735,9286,69449
9,6,9,9,7,8,9,8,10,8,31,15/03/23,"Q208,347.00",8.3,81181,78735,9286,69449
8,9,8,7,7,8,9,8,9,8,31,15/03/23,"Q208,347.00",8.1,81181,78735,9286,69449
10,9,10,9,9,9,10,9,10,10,31,15/03/23,"Q208,347.00",9.5,81181,78735,9286,69449
9,9,8,9,10,9,10,8,8,10,31,15/03/23,"Q208,347.00",9,81181,78735,9286,69449
8,8,8,8,8,7,8,8,8,8,31,15/03/23,"Q208,347.00",7.9,81181,78735,9286,69449
9,8,7,8,9,8,8,7,9,9,31,15/03/23,"Q208,347.00",8.2,81181,78735,9286,69449
7,7,8,7,8,7,7,7,7,7,31,15/03/23,"Q208,347.00",7.2,81181,78735,9286,69449
8,7,8,8,9,8,8,8,8,8,31,15/03/23,"Q208,347.00",8,81181,78735,9286,69449
8,8,8,8,8,8,8,7,8,9,31,15/03/23,"Q208,347.00",8,81181,78735,9286,69449
7.8,8,5,7,8,8,5,8,8,8,32,16/07/24,"Q169,797.00",7.28,65946,63467,6868,56599
10,9,8,8,9,10,8,7,8,9,32,16/07/24,"Q169,797.00",8.6,65946,63467,6868,56599
8.6,7,9,10,8,10,10,7,10,8,32,16/07/24,"Q169,797.00",8.76,65946,63467,6868,56599
10,10,9,9,10,10,10,8,10,9,32,16/07/24,"Q169,797.00",9.5,65946,63467,6868,56599
7.6,8,8,7,8,7,8,9,9,9,32,16/07/24,"Q169,797.00",8.06,65946,63467,6868,56599
9,10,9,9,10,10,9,9,9,9,32,16/07/24,"Q169,797.00",9.3,65946,63467,6868,56599
10,10,9,8,10,10,9,9,10,9,32,16/07/24,"Q169,797.00",9.4,65946,63467,6868,56599
8,8,8,9,7,8,9,8,9,8,32,16/07/24,"Q169,797.00",8.2,65946,63467,6868,56599
8,8,8,10,9,10,9,8,10,9,32,16/07/24,"Q169,797.00",8.9,65946,63467,6868,56599
5,6,8,4,9,9,9,9,8,7,32,16/07/24,"Q169,797.00",7.4,65946,63467,6868,56599
8,7,8,8,9,8,7,8,8,8,32,16/07/24,"Q169,797.00",7.9,65946,63467,6868,56599
8,8,7,7,8,8,8,8,7,7,33,16/05/24,"Q168,213.00",7.6,68594,66037,9966,56071
9.4,9,9,8,10,10,9,7,8,8,33,16/05/24,"Q168,213.00",8.74,68594,66037,9966,56071
9,8,10,8,8,9,9,8,9,8,33,16/05/24,"Q168,213.00",8.6,68594,66037,9966,56071
5,9,6,8,7,9,8,8,7,6,33,16/05/24,"Q168,213.00",7.3,68594,66037,9966,56071
10,10,9,10,8,10,9,9,9,9,33,16/05/24,"Q168,213.00",9.3,68594,66037,9966,56071
8,9,8,9,8,9,8,8,9,10,33,16/05/24,"Q168,213.00",8.6,68594,66037,9966,56071
10,10,10,10,10,10,10,9,10,9,33,16/05/24,"Q168,213.00",9.8,68594,66037,9966,56071
2,2,5,5,2,3,5,5,4,5,33,16/05/24,"Q168,213.00",3.8,68594,66037,9966,56071
7,7,8,8,7,8,8,7,8,7,33,16/05/24,"Q168,213.00",7.5,68594,66037,9966,56071
9,9,8,7,8,8,9,8,8,7,33,16/05/24,"Q168,213.00",8.1,68594,66037,9966,56071
9,9,10,10,9,9,9,9,9,9,33,16/05/24,"Q168,213.00",9.2,68594,66037,9966,56071
10,8,7,7,8,6,9,10,8,10,33,16/05/24,"Q168,213.00",8.3,68594,66037,9966,56071
10,9,9,8,9,6,10,5,5,7,33,16/05/24,"Q168,213.00",7.8,68594,66037,9966,56071
9,10,9,8,10,10,8,10,9,9,33,16/05/24,"Q168,213.00",9.2,68594,66037,9966,56071
8,9,9,9,9,10,9,10,9,10,33,16/05/24,"Q168,213.00",9.2,68594,66037,9966,56071
9,9,9,9,8,9,9,10,9,9,33,16/05/24,"Q168,213.00",9,68594,66037,9966,56071
9,9,10,8,9,9,8,9,9,9,34,17/04/22,"Q275,289.00",8.9,101917,99273,7510,91763
5,8,7,8,7,7,8,7,7,6,34,17/04/22,"Q275,289.00",7,101917,99273,7510,91763
7,9,7,8,6,7,7,7,9,8,34,17/04/22,"Q275,289.00",7.5,101917,99273,7510,91763
5,7,8,9,7,9,10,9,9,9,34,17/04/22,"Q275,289.00",8.2,101917,99273,7510,91763
6,8,8,10,8,8,8,8,7,8,34,17/04/22,"Q275,289.00",7.9,101917,99273,7510,91763
5,5,4,5,3,5,4,3,4,5,34,17/04/22,"Q275,289.00",4.3,101917,99273,7510,91763
10,9,9,10,10,10,10,9,10,10,34,17/04/22,"Q275,289.00",9.7,101917,99273,7510,91763
5,5,6,6,7,5,5,5,6,4,34,17/04/22,"Q275,289.00",5.4,101917,99273,7510,91763
7,7,8,7,7,7,9,9,9,9,34,17/04/22,"Q275,289.00",7.9,101917,99273,7510,91763
6,6,6,6,7,6,6,6,7,8,35,18/03/24,"Q191,985.00",6.4,74201,71785,7790,63995
10,6,8,8,10,10,10,10,10,10,35,18/03/24,"Q191,985.00",9.2,74201,71785,7790,63995
10,10,7,9,9,10,10,9,8,10,35,18/03/24,"Q191,985.00",9.2,74201,71785,7790,63995
7.8,8,8,8,8,8,8,8,8,8,35,18/03/24,"Q191,985.00",7.98,74201,71785,7790,63995
8,8,7,7,7,9,9,7,7,7,35,18/03/24,"Q191,985.00",7.6,74201,71785,7790,63995
6.8,7,8,8,8,7,7,7,7,7,35,18/03/24,"Q191,985.00",7.28,74201,71785,7790,63995
9,7,9,8,7,8,9,8,8,8,35,18/03/24,"Q191,985.00",8.1,74201,71785,7790,63995
8,7,7,10,9,9,7,8,8,9,35,18/03/24,"Q191,985.00",8.2,74201,71785,7790,63995
2,2,8,5,8,7,8,8,7,8,35,18/03/24,"Q191,985.00",6.3,74201,71785,7790,63995
9,5,8,7,6,10,10,5,10,8,35,18/03/24,"Q191,985.00",7.8,74201,71785,7790,63995
9,9,10,9,9,10,10,10,10,10,35,18/03/24,"Q191,985.00",9.6,74201,71785,7790,63995
9,8,8,9,9,8,8,8,9,8,35,18/03/24,"Q191,985.00",8.4,74201,71785,7790,63995
8,8,8,8,8,8,8,8,8,8,35,18/03/24,"Q191,985.00",8,74201,71785,7790,63995
9,8,9,9,10,9,10,9,9,10,35,18/03/24,"Q191,985.00",9.2,74201,71785,7790,63995
6,5,4,8,7,4,5,4,5,2,36,19/09/22,"Q277,494.00",5,101958,99318,6820,92498
7.8,8,9,9,8,8,7,9,8,8,36,19/09/22,"Q277,494.00",8.18,101958,99318,6820,92498
7,6,8,7,8,7,7,8,8,8,36,19/09/22,"Q277,494.00",7.4,101958,99318,6820,92498
9,10,9,9,8,9,10,9,9,10,36,19/09/22,"Q277,494.00",9.2,101958,99318,6820,92498
7.6,7,8,8,8,7,7,8,8,8,36,19/09/22,"Q277,494.00",7.66,101958,99318,6820,92498
8,9,9,7,10,8,9,8,9,8,36,19/09/22,"Q277,494.00",8.5,101958,99318,6820,92498
8.8,9,10,10,9,9,10,10,10,10,36,19/09/22,"Q277,494.00",9.58,101958,99318,6820,92498
8,6,8,9,9,8,9,9,8,9,36,19/09/22,"Q277,494.00",8.3,101958,99318,6820,92498
7,6,8,9,8,7,8,9,7,8,36,19/09/22,"Q277,494.00",7.7,101958,99318,6820,92498
8,10,9,10,9,9,8,9,10,10,36,19/09/22,"Q277,494.00",9.2,101958,99318,6820,92498
8,9,9,8,9,9,9,10,10,10,36,19/09/22,"Q277,494.00",9.1,101958,99318,6820,92498
9,8,7,8,7,8,9,9,9,9,37,21/06/24,"Q160,797.00",8.3,69055,65293,11694,53599
9,9,9,9,10,10,8,9,9,8,37,21/06/24,"Q160,797.00",9,69055,65293,11694,53599
7,8,8,7,8,9,9,9,9,8,37,21/06/24,"Q160,797.00",8.2,69055,65293,11694,53599
6,7,8,9,8,9,9,8,9,8,37,21/06/24,"Q160,797.00",8.1,69055,65293,11694,53599
8.4,9,9,8,9,9,9,9,9,9,37,21/06/24,"Q160,797.00",8.84,69055,65293,11694,53599
9,9,10,10,9,10,10,9,9,10,37,21/06/24,"Q160,797.00",9.5,69055,65293,11694,53599
5,6,10,5,5,6,2,2,7,9,37,21/06/24,"Q160,797.00",5.7,69055,65293,11694,53599
9,8,7,5,7,10,10,9,10,10,37,21/06/24,"Q160,797.00",8.5,69055,65293,11694,53599
5,4,3,2,3,2,1,2,5,4,37,21/06/24,"Q160,797.00",3.1,69055,65293,11694,53599
9,8,9.6,10,10,10,9,10,10,10,37,21/06/24,"Q160,797.00",9.56,69055,65293,11694,53599
7,7,8,8,7,8,8,7,8,7,37,21/06/24,"Q160,797.00",7.5,69055,65293,11694,53599
9,8,10,10,8,9,8,8,10,8,37,21/06/24,"Q160,797.00",8.8,69055,65293,11694,53599
5,6,5,7,8,7,5,8,7,9,37,21/06/24,"Q160,797.00",6.7,69055,65293,11694,53599
9,10,9,10,9,10,8,8,9,9,37,21/06/24,"Q160,797.00",9.1,69055,65293,11694,53599
9,10,9,8,9,9,8,9,9,10,37,21/06/24,"Q160,797.00",9,69055,65293,11694,53599
6,4,7,7,8,9,10,9,10,6,37,21/06/24,"Q160,797.00",7.6,69055,65293,11694,53599
10,10,10,8,8,10,10,10,10,10,38,23/03/23,"Q213,186.00",9.6,81466,78902,7840,71062
8,8,10,8,8,8,10,10,10,8,38,23/03/23,"Q213,186.00",8.8,81466,78902,7840,71062
8,8,6,7,7,9,8,7,7,7,38,23/03/23,"Q213,186.00",7.4,81466,78902,7840,71062
9,9,8,9,9,8,9,8,9,8,38,23/03/23,"Q213,186.00",8.6,81466,78902,7840,71062
9,9,8,8,7,9,8,9,9,9,38,23/03/23,"Q213,186.00",8.5,81466,78902,7840,71062
5,7,8,7,7,8,9,6,8,6,38,23/03/23,"Q213,186.00",7.1,81466,78902,7840,71062
2,2,8,5,8,9,9,8,8,8,38,23/03/23,"Q213,186.00",6.7,81466,78902,7840,71062
10,9,9,7,8,10,10,7,10,10,38,23/03/23,"Q213,186.00",9,81466,78902,7840,71062
8,10,9,8,10,10,9,10,10,10,38,23/03/23,"Q213,186.00",9.4,81466,78902,7840,71062
9,9,10,10,9,8,10,9,9,10,38,23/03/23,"Q213,186.00",9.3,81466,78902,7840,71062
10,8,10,10,7,10,9,9,9,9,38,23/03/23,"Q213,186.00",9.1,81466,78902,7840,71062
9,9,10,10,8,9,10,9,10,8,38,23/03/23,"Q213,186.00",9.2,81466,78902,7840,71062
10,8,10,7,9,10,10,9,10,9,38,23/03/23,"Q213,186.00",9.2,81466,78902,7840,71062
8,9,5,4,6,6,7,2,6,10,38,23/03/23,"Q213,186.00",6.3,81466,78902,7840,71062
9,9,9,8,8,8,9,9,9,9,39,23/03/24,"Q184,074.00",8.7,69441,67399,6041,61358
8,9,8,9,9,8,8,10,9,9,39,23/03/24,"Q184,074.00",8.7,69441,67399,6041,61358
7,5,7,8,9,8,5,6,7,8,39,23/03/24,"Q184,074.00",7,69441,67399,6041,61358
9,8,8,8,9,9,8,8,9,8,39,23/03/24,"Q184,074.00",8.4,69441,67399,6041,61358
8,8,10,8,8,8,10,8,10,8,39,23/03/24,"Q184,074.00",8.6,69441,67399,6041,61358
6,6,7,6,7,6,7,8,8,8,39,23/03/24,"Q184,074.00",6.9,69441,67399,6041,61358
5,6,8,7,6,5,5,7,8,6,39,23/03/24,"Q184,074.00",6.3,69441,67399,6041,61358
9,9,9,9,8,8,9,8,9,9,39,23/03/24,"Q184,074.00",8.7,69441,67399,6041,61358
8,5,9,6,2,3,6,4,5,7,40,23/06/23,"Q201,786.00",5.5,77510,73624,6362,67262
9,9,10,9,10,9,10,10,9,9,40,23/06/23,"Q201,786.00",9.4,77510,73624,6362,67262
7.2,7,7,8,7,7,8,8,8,8,40,23/06/23,"Q201,786.00",7.52,77510,73624,6362,67262
8,8,6,8,7,9,7,7,7,8,40,23/06/23,"Q201,786.00",7.5,77510,73624,6362,67262
7,8,8,7,8,8,9,7,7,8,40,23/06/23,"Q201,786.00",7.7,77510,73624,6362,67262
8,8,9,9,8,7.5,10,9,10,8,40,23/06/23,"Q201,786.00",8.65,77510,73624,6362,67262
6,7,8,8,8,9,7,7,7,8,40,23/06/23,"Q201,786.00",7.5,77510,73624,6362,67262
7,6,7,8,7,8,7,7,7,7,40,23/06/23,"Q201,786.00",7.1,77510,73624,6362,67262
7,7,8,7,7,6,8,7,7,8,40,23/06/23,"Q201,786.00",7.2,77510,73624,6362,67262
9,9,9,9,9,9,8,9,9,9,40,23/06/23,"Q201,786.00",8.9,77510,73624,6362,67262
8,9,9,7,8,6,7,8,9,9,40,23/06/23,"Q201,786.00",8,77510,73624,6362,67262
6,7,8,9,10,6,8,9,10,4,40,23/06/23,"Q201,786.00",7.7,77510,73624,6362,67262
8,7,6,10,9,5,4,3,2,1,41,25/07/22,"Q271,614.00",5.5,100130,97534,6996,90538
8,8,9,8,9,10,10,9,10,10,41,25/07/22,"Q271,614.00",9.1,100130,97534,6996,90538
10,9,9,8,7,10,8,9,9,8,41,25/07/22,"Q271,614.00",8.7,100130,97534,6996,90538
9,9,10,9,8,9,9,9,10,9,41,25/07/22,"Q271,614.00",9.1,100130,97534,6996,90538
7,8,4,9,5,9,5,6,9,6,42,26/03/23,"Q223,626.00",6.8,84509,82605,8063,74542
9,9,8,8,9,8,10,9,8,7,42,26/03/23,"Q223,626.00",8.5,84509,82605,8063,74542
8,8,9,7,9,9,8,8,8,7,42,26/03/23,"Q223,626.00",8.1,84509,82605,8063,74542
8,9,8,9,6,9,8,9,8,8,42,26/03/23,"Q223,626.00",8.2,84509,82605,8063,74542
9,8,7,7,8,7,8,8,7,8,42,26/03/23,"Q223,626.00",7.7,84509,82605,8063,74542
7,8,8,6,7,7,6,8,7,8,42,26/03/23,"Q223,626.00",7.2,84509,82605,8063,74542
7,8,7,8,10,9,10,9,10,9,42,26/03/23,"Q223,626.00",8.7,84509,82605,8063,74542
10,9,7,9,7,6,9,8,8,9,43,27/02/22,"Q282,489.00",8.2,99693,97824,3661,94163
8,9,10,8,8,10,10,10,10,10,43,27/02/22,"Q282,489.00",9.3,99693,97824,3661,94163
5,6,5,6,6,7,7,8,7,7,43,27/02/22,"Q282,489.00",6.4,99693,97824,3661,94163
8,8,8,7,9,8,8,9,9,10,43,27/02/22,"Q282,489.00",8.4,99693,97824,3661,94163
6,6,6,7,7,5,8,7,8,7,43,27/02/22,"Q282,489.00",6.7,99693,97824,3661,94163
9,9,6,7,9,9,9,10,7,8,43,27/02/22,"Q282,489.00",8.3,99693,97824,3661,94163
5,3,9,0,8,1,5,7,9,6,43,27/02/22,"Q282,489.00",5.3,99693,97824,3661,94163
10,10,10,10,10,10,10,10,10,10,43,27/02/22,"Q282,489.00",10,99693,97824,3661,94163
8,7,8,8,7,7,6,6,6,6,43,27/02/22,"Q282,489.00",6.9,99693,97824,3661,94163
7,7,7,8,7,9,8,9,9,8,43,27/02/22,"Q282,489.00",7.9,99693,97824,3661,94163
8,8,10,7,8,10,10,10,10,10,43,27/02/22,"Q282,489.00",9.1,99693,97824,3661,94163
8.4,8,8,8,8,10,10,8,8,8,43,27/02/22,"Q282,489.00",8.44,99693,97824,3661,94163
10,10,10,9,9,10,9,8,10,9,43,27/02/22,"Q282,489.00",9.4,99693,97824,3661,94163
6,7,7,6,7,7,6,6,5,5,44,28/08/24,"Q153,258.00",6.2,68701,66198,15112,51086
10,10,9,10,8,10,9,9,8,9,44,28/08/24,"Q153,258.00",9.2,68701,66198,15112,51086
8,7,8,7,7,8,8,9,9,8,44,28/08/24,"Q153,258.00",7.9,68701,66198,15112,51086
7,7,8,7,7,7,7,8,8,8,44,28/08/24,"Q153,258.00",7.4,68701,66198,15112,51086
8,9,10,10,8,9,9,9,9,9,44,28/08/24,"Q153,258.00",9,68701,66198,15112,51086
9,10,9,9,10,10,10,9,10,9,44,28/08/24,"Q153,258.00",9.5,68701,66198,15112,51086
7,6,7,5,5,8,8,7,5,7,45,30/07/24,"Q183,747.00",6.5,69198,66597,5348,61249
5,6,5,3,5,8,8,6,5,5,45,30/07/24,"Q183,747.00",5.6,69198,66597,5348,61249
10,10,10,10,10,10,10,10,10,10,45,30/07/24,"Q183,747.00",10,69198,66597,5348,61249
9,9,10,10,9,9,10,9,8,9,45,30/07/24,"Q183,747.00",9.2,69198,66597,5348,61249
8,6,6,6,7,9,10,10,10,10,45,30/07/24,"Q183,747.00",8.2,69198,66597,5348,61249